Name,Sport,Sex,Country,Medal1,Medal2,Medal3,Medal4,Medal5,Medal6,kout0,Id
Mete Gazoz,Archery,M,Turkey,1,,,,,,197,0.0
Mauro Nespoli,Archery,M,Italy,2,,,,,,34,1.0
Hiroki Muto,Archery,M,Japan,3,,,,,,183,2.0
Luis Alvarez,Archery,M,Mexico,3,,,,,,247,3.0
Alejandra Valencia,Archery,F,Mexico,3,,,,,,221,4.0
Marcell Jacobs,Athletics,M,Italy,1,1.0,,,,,61,5.0
Fred Kerley,Athletics,M,USA,2,,,,,,1665,6.0
Andre de Grasse,Athletics,M,Canada,3,1.0,2.0,,,,162,7.0
Kenny Bednarek,Athletics,M,USA,2,,,,,,186,8.0
Noah Lyles,Athletics,M,USA,3,,,,,,676,9.0
Steven Gardiner,Athletics,M,Bahamas,1,,,,,,257,10.0
Anthony Zambrano,Athletics,M,Colombia,2,,,,,,120,11.0
Kinani James,Athletics,M,Grenada,3,,,,,,110,12.0
Emmanuel Korir,Athletics,M,Kenya,1,,,,,,588,13.0
Ferguson Rotich,Athletics,M,Kenya,2,,,,,,3,14.0
Patryk Dobek,Athletics,M,Poland,3,,,,,,115,15.0
Timothy Cheruiyot,Athletics,M,Kenya,2,,,,,,31,16.0
Josh Kerr,Athletics,M,Great Britain,3,,,,,,303,17.0
Joshua Cheptegei,Athletics,M,Uganda,1,2.0,,,,,523,18.0
Mohammed Ahmed,Athletics,M,Canada,2,,,,,,573,19.0
Paul Chelimo,Athletics,M,USA,3,,,,,,270,20.0
Selemon Barega,Athletics,M,Ethiopia,1,,,,,,270,21.0
Jacob Kiplimo,Athletics,M,Uganda,2,,,,,,61,22.0
Hansle Parchment,Athletics,M,Jamaica,1,,,,,,22,23.0
Grant Holloway,Athletics,M,USA,2,,,,,,3472,24.0
Karsten Warholm,Athletics,M,Norway,1,,,,,,216,25.0
Rai Benjamin,Athletics,M,USA,2,1.0,,,,,710,26.0
Alison dos Santos,Athletics,M,Brazil,3,,,,,,218,27.0
Lorenzo Patta,Athletics,M,Italy,1,,,,,,24,28.0
Filippo Tortu,Athletics,M,Italy,1,,,,,,32,29.0
Aaron Brown,Athletics,M,Canada,2,,,,,,239,30.0
Jerome Blake,Athletics,M,Canada,2,,,,,,206,31.0
Brendon Rodney,Athletics,M,Canada,2,,,,,,1187,32.0
Michael Cherry,Athletics,M,USA,1,,,,,,177,33.0
Michael Norman,Athletics,M,USA,1,,,,,,510,34.0
Bryce Deadmon,Athletics,M,USA,1,3.0,,,,,1612,35.0
Randolph Ross,Athletics,M,USA,1,,,,,,643,36.0
Vernon Norwood,Athletics,M,USA,1,3.0,,,,,883,37.0
Liemarvin Bonevacia,Athletics,M,Netherlands,2,,,,,,172,38.0
Terrence Agard,Athletics,M,Netherlands,2,,,,,,93,39.0
Tony van Diepen,Athletics,M,Netherlands,2,,,,,,355,40.0
Jochem Dobber,Athletics,M,Netherlands,2,,,,,,393,41.0
Baboloki Theme,Athletics,M,Botswana,3,,,,,,72,42.0
Eliud Kipchoge,Athletics,M,Kenya,1,,,,,,5451,43.0
Abdi Nageeye,Athletics,M,Netherlands,2,,,,,,136,44.0
Bashir Abdi,Athletics,M,Germany,3,,,,,,1004,45.0
Massimo Stano,Athletics,M,Italy,1,,,,,,127,46.0
Evan Dunfee,Athletics,M,Canada,3,,,,,,2006,47.0
Gianmarco Tamberi,Athletics,M,Italy,1,,,,,,130,48.0
Mutaz Essa Barshim,Athletics,M,Qatar,1,,,,,,182,49.0
Maksim Nedasekau,Athletics,M,Belarus,3,,,,,,17,50.0
Armand Duplantis,Athletics,M,Sweden,1,,,,,,152,51.0
Chris Nilsen,Athletics,M,USA,2,,,,,,395,52.0
Thiago Braz,Athletics,M,Brazil,3,,,,,,54,53.0
Maykel Masso,Athletics,M,Cuba,3,,,,,,35,54.0
Hugues Fabrice Zango,Athletics,M,Burkina Faso,3,,,,,,1139,55.0
Ryan Crouser,Athletics,M,USA,1,,,,,,27,56.0
Joe Kovacs,Athletics,M,USA,2,,,,,,476,57.0
Tom Walsh,Athletics,M,Australia,3,,,,,,155,58.0
Eivind Henriksen,Athletics,M,Norway,2,,,,,,6,59.0
Pawel Fajdek,Athletics,M,Poland,3,,,,,,20,60.0
Neeraj Chopra,Athletics,M,India,1,,,,,,97,61.0
Damian Warner,Athletics,M,Canada,1,,,,,,505,62.0
Kevin Mayer,Athletics,M,France,2,,,,,,144,63.0
Elaine Thompson-Herah,Athletics,F,Jamaica,1,1.0,,,,,150,64.0
Shelly-Ann Fraser Pryce,Athletics,F,Jamaica,2,1.0,,,,,164,65.0
Shericka Jackson,Athletics,F,Jamaica,3,1.0,,,,,56,66.0
Christine Mboma,Athletics,F,Namibia,2,,,,,,109,67.0
Gabrielle Thomas,Athletics,F,USA,3,2.0,,,,,536,68.0
Shaunae Miller-Uibo,Athletics,F,Bahamas,1,,,,,,599,69.0
Marileidy Paulino,Athletics,F,Dominican Republic,2,2.0,,,,,63,70.0
Allyson Felix,Athletics,F,USA,3,1.0,,,,,615,71.0
Athing Mu,Athletics,F,USA,1,1.0,,,,,0,72.0
Keely Hodgkinson,Athletics,F,Great Britain,2,,,,,,406,73.0
Raevyn Rogers,Athletics,F,USA,3,,,,,,1008,74.0
Laura Muir,Athletics,F,Great Britain,2,,,,,,524,75.0
Sifan Hassan,Athletics,F,Netherlands,3,1.0,1.0,,,,37,76.0
Hellen Obiri,Athletics,F,Kenya,2,,,,,,101,77.0
Sydney McLaughlin,Athletics,F,USA,1,1.0,,,,,130,78.0
Courtney Frerichs,Athletics,F,USA,2,,,,,,24,79.0
Briana Williams,Athletics,F,Jamaica,1,,,,,,39,80.0
Jenna Prandini,Athletics,F,USA,2,,,,,,405,81.0
English Gardner,Athletics,F,USA,2,,,,,,629,82.0
Aleia Hobbs,Athletics,F,USA,2,,,,,,1981,83.0
Asha Philip,Athletics,F,Great Britain,3,,,,,,640,84.0
Imani-Lara Lansiquot,Athletics,F,Great Britain,3,,,,,,925,85.0
Dina Asher-Smith,Athletics,F,Great Britain,3,,,,,,932,86.0
Daryll Neita,Athletics,F,Great Britain,3,,,,,,398,87.0
Kendall Ellis,Athletics,F,USA,1,3.0,,,,,355,88.0
Lynna Irby,Athletics,F,USA,1,3.0,,,,,608,89.0
Wadeline Jonathas,Athletics,F,USA,1,,,,,,169,90.0
Kaylin Whitney,Athletics,F,USA,1,3.0,,,,,775,91.0
Anna Kielbasinska,Athletics,F,Poland,2,,,,,,0,92.0
Janieve Russell,Athletics,F,Jamaica,3,,,,,,799,93.0
Stacey-Ann Williams,Athletics,F,Jamaica,3,,,,,,966,94.0
Peres Jepchirchir,Athletics,F,Kenya,1,,,,,,94,95.0
Brigid Kosgei,Athletics,F,Kenya,2,,,,,,23,96.0
Molly Seidel,Athletics,F,USA,3,,,,,,414,97.0
Antonella Palmisano,Athletics,F,Italy,1,,,,,,85,98.0
Sandra Arenas,Athletics,F,Colombia,2,,,,,,199,99.0
Nicola McDermott,Athletics,F,Australia,2,,,,,,40,100.0
Katie Nageotte,Athletics,F,USA,1,,,,,,701,101.0
Holly Bradshaw,Athletics,F,Great Britain,3,,,,,,280,102.0
Brittney Reese,Athletics,F,USA,2,,,,,,906,103.0
Ese Brume,Athletics,F,Nigeria,3,,,,,,9,104.0
Yulimar Rojas,Athletics,F,Venezuela,1,,,,,,140,105.0
Patricia Mamona,Athletics,F,Portugal,2,,,,,,64,106.0
Ana Peleteiro,Athletics,F,Spain,3,,,,,,541,107.0
Raven Saunders,Athletics,F,USA,2,,,,,,555,108.0
Valerie Adams,Athletics,F,New Zealand,3,,,,,,627,109.0
Valarie Allman,Athletics,F,USA,1,,,,,,66,110.0
Anita Wlodarczyk,Athletics,F,Poland,1,,,,,,88,111.0
Malwina Kopron,Athletics,F,Poland,3,,,,,,32,112.0
Maria Andrejczyk,Athletics,F,Poland,2,,,,,,61,113.0
Kelsey-Lee Barber,Athletics,F,Australia,3,,,,,,184,114.0
Nafissatou Thiam,Athletics,F,Belgium,1,,,,,,67,115.0
Anouk Vetter,Athletics,F,Netherlands,2,,,,,,117,116.0
Lidio Andres Feliz,Athletics,M,Dominican Republic,2,,,,,,386,117.0
Anabel Medina,Athletics,F,Dominican Republic,2,,,,,,93,118.0
Luguelin Santos,Athletics,M,Dominican Republic,2,,,,,,512,119.0
Elija Godwin,Athletics,M,USA,3,,,,,,268,120.0
Taylor Manson,Athletics,F,USA,3,,,,,,803,121.0
Viktor Axelsen,Badminton,M,Denmark,1,,,,,,441,122.0
Anthony Sinisuka Ginting,Badminton,M,Indonesia,3,,,,,,78,123.0
Aaron Chia,Badminton,M,Malaysia,3,,,,,,472,124.0
P. V. Sindhu,Badminton,F,India,3,,,,,,156,125.0
Greysia Polii,Badminton,F,Indonesia,1,,,,,,443,126.0
Yuta Watanabe,Badminton,M,Japan,3,,,,,,246,127.0
Arisa Higashino,Badminton,F,Japan,3,,,,,,184,128.0
Koyo Aoyagi,Baseball,M,Japan,1,,,,,,86,129.0
Yoshinobu Yamamoto,Baseball,M,Japan,1,,,,,,168,130.0
Masahiro Tanaka,Baseball,M,Japan,1,,,,,,305,131.0
Yasuaki Yamasaki,Baseball,M,Japan,1,,,,,,260,132.0
Kodai Senga,Baseball,M,Japan,1,,,,,,310,133.0
Kaima Taira,Baseball,M,Japan,1,,,,,,100,134.0
Ryutaro Umeno,Baseball,M,Japan,1,,,,,,163,135.0
Tetsuto Yamada,Baseball,M,Japan,1,,,,,,1170,136.0
Sosuke Genda,Baseball,M,Japan,1,,,,,,890,137.0
Munetaka Murakami,Baseball,M,Japan,1,,,,,,137,138.0
Yuki Yanagita,Baseball,M,Japan,1,,,,,,54,139.0
Ryoya Kurihara,Baseball,M,Japan,1,,,,,,278,140.0
Masataka Yoshida,Baseball,M,Japan,1,,,,,,18,141.0
Seiya Suzuki,Baseball,M,Japan,1,,,,,,42,142.0
Scott Kazmir,Baseball,M,USA,2,,,,,,141,143.0
Scott McGough,Baseball,M,USA,2,,,,,,291,144.0
David Robertson,Baseball,M,USA,2,,,,,,292,145.0
Ryder Ryan,Baseball,M,USA,2,,,,,,419,146.0
Simeon Woods Richardson,Baseball,M,USA,2,,,,,,821,147.0
Time Federowicz,Baseball,M,USA,2,,,,,,238,148.0
Triston Casas,Baseball,M,USA,2,,,,,,225,149.0
Todd Frazier,Baseball,M,USA,2,,,,,,955,150.0
Jamie Westbrook,Baseball,M,USA,2,,,,,,174,151.0
Patrick Kivlehan,Baseball,M,USA,2,,,,,,425,152.0
Luis Felipe Castillo,Baseball,M,Dominican Republic,3,,,,,,310,153.0
Jumbo Diaz,Baseball,M,Dominican Republic,3,,,,,,143,154.0
Jhan Mariñez,Baseball,M,Dominican Republic,3,,,,,,593,155.0
Roldani Baldwin,Baseball,M,Dominican Republic,3,,,,,,7,156.0
Jeison Guzman,Baseball,M,Dominican Republic,3,,,,,,91,157.0
Emilio Bonifacio,Baseball,M,Dominican Republic,3,,,,,,84,158.0
Bam Adebayo,Basketball,M,USA,1,,,,,,353,159.0
Kevin Durant,Basketball,M,USA,1,,,,,,1484,160.0
Draymond Green,Basketball,M,USA,1,,,,,,911,161.0
Jrue Holiday,Basketball,M,USA,1,,,,,,547,162.0
Zach LaVine,Basketball,M,USA,1,,,,,,156,163.0
Damian Lillard,Basketball,M,USA,1,,,,,,2523,164.0
JaVale McGee,Basketball,M,USA,1,,,,,,677,165.0
Khris Middleton,Basketball,M,USA,1,,,,,,307,166.0
Jayson Tatum,Basketball,M,USA,1,,,,,,708,167.0
Andrew Albicy,Basketball,M,France,2,,,,,,316,168.0
Nicolas Batum,Basketball,M,France,2,,,,,,669,169.0
Petr Cornelie,Basketball,M,France,2,,,,,,48,170.0
Nando de Colo,Basketball,M,France,2,,,,,,859,171.0
Moustapha Fall,Basketball,M,France,2,,,,,,133,172.0
Evan Fournier,Basketball,M,France,2,,,,,,97,173.0
Rudy Gobert,Basketball,M,France,2,,,,,,563,174.0
Timothe Luwawu-Cabarrot,Basketball,M,France,2,,,,,,103,175.0
Frank Ntilikina,Basketball,M,France,2,,,,,,393,176.0
Vincent Poirier,Basketball,M,France,2,,,,,,339,177.0
Aron Baynes,Basketball,M,Australia,3,,,,,,247,178.0
Matthew Dellavedova,Basketball,M,Australia,3,,,,,,1660,179.0
Dante Exum,Basketball,M,Australia,3,,,,,,216,180.0
Chris Goulding,Basketball,M,Australia,3,,,,,,230,181.0
Josh Green,Basketball,M,Australia,3,,,,,,188,182.0
Joe Ingles,Basketball,M,Australia,3,,,,,,492,183.0
Patty Mills,Basketball,M,Australia,3,,,,,,750,184.0
Duop Reath,Basketball,M,Australia,3,,,,,,132,185.0
Nathan Sobey,Basketball,M,Australia,3,,,,,,216,186.0
Matisse Thybulle,Basketball,M,Australia,3,,,,,,121,187.0
Jewell Loyd,Basketball,F,USA,1,,,,,,436,188.0
Sue Bird,Basketball,F,USA,1,,,,,,543,189.0
Ariel Atkins,Basketball,F,USA,1,,,,,,36,190.0
Chelsea Gray,Basketball,F,USA,1,,,,,,475,191.0
A’ja Wilson,Basketball,F,USA,1,,,,,,733,192.0
Breanna Stewart,Basketball,F,USA,1,,,,,,765,193.0
Napheesa Collier,Basketball,F,USA,1,,,,,,530,194.0
Diana Taurasi,Basketball,F,USA,1,,,,,,46,195.0
Sylvia Fowles,Basketball,F,USA,1,,,,,,279,196.0
Tina Charles,Basketball,F,USA,1,,,,,,170,197.0
Brittney Griner,Basketball,F,USA,1,,,,,,398,198.0
Moeko Nagaoka,Basketball,F,Japan,2,,,,,,203,199.0
Maki Takada,Basketball,F,Japan,2,,,,,,605,200.0
Naho Miyoshi,Basketball,F,Japan,2,,,,,,489,201.0
Rui Machida,Basketball,F,Japan,2,,,,,,278,202.0
Nako Motohashi,Basketball,F,Japan,2,,,,,,385,203.0
Saki Hayashi,Basketball,F,Japan,2,,,,,,463,204.0
Evelyn Mawuli,Basketball,F,Japan,2,,,,,,419,205.0
Saori Miyazaki,Basketball,F,Japan,2,,,,,,468,206.0
Yuki Miyazawa,Basketball,F,Japan,2,,,,,,213,207.0
Monica Okoye,Basketball,F,Japan,2,,,,,,51,208.0
Alexia Chartereau,Basketball,F,France,3,,,,,,293,209.0
Helena Ciak,Basketball,F,France,3,,,,,,65,210.0
Alix Duchet,Basketball,F,France,3,,,,,,187,211.0
Marine Fauthoux,Basketball,F,France,3,,,,,,33,212.0
Sandrine Gruda,Basketball,F,France,3,,,,,,465,213.0
Marine Johannes,Basketball,F,France,3,,,,,,247,214.0
Endene Miyem,Basketball,F,France,3,,,,,,646,215.0
Iliana Rupert,Basketball,F,France,3,,,,,,161,216.0
Gabby Williams,Basketball,F,France,3,,,,,,412,217.0
Dusan Domovic Bulut,Basketball,M,Serbia,3,,,,,,408,218.0
Stefanie Dolson,Basketball,F,USA,1,,,,,,425,219.0
Allisha Gray,Basketball,F,USA,1,,,,,,904,220.0
Kelsey Plum,Basketball,F,USA,1,,,,,,481,221.0
Jackie Young,Basketball,F,USA,1,,,,,,489,222.0
Galal Yafai,Boxing,M,Great Britain,1,,,,,,400,223.0
Carlo Paalam,Boxing,M,Philippines,2,,,,,,40,224.0
Ryomei Tanaka,Boxing,M,Japan,3,,,,,,327,225.0
Samuel Takyi,Boxing,M,Ghana,3,,,,,,50,226.0
Andy Cruz,Boxing,M,Cuba,1,,,,,,124,227.0
Keyshawn Davis,Boxing,M,USA,2,,,,,,65,228.0
Hovhannes Bachkov,Boxing,M,Armenia,3,,,,,,14,229.0
Harry Garside,Boxing,M,Australia,3,,,,,,26,230.0
Pat McCormack,Boxing,M,Great Britain,2,,,,,,226,231.0
Aidan Walsh,Boxing,M,Ireland,3,,,,,,656,232.0
Benjamin Whittaker,Boxing,M,Great Britain,2,,,,,,99,233.0
Abner Teixeira,Boxing,M,Brazil,3,,,,,,29,234.0
Bakhodir Jalolov,Boxing,M,Uzbekistan,1,,,,,,37,235.0
Richard Torrez,Boxing,M,USA,2,,,,,,338,236.0
Frazer Clarke,Boxing,M,Great Britain,3,,,,,,1468,237.0
Buse Naz Cakiroglu,Boxing,F,Turkey,2,,,,,,216,238.0
Tsukimi Namiki,Boxing,F,Japan,3,,,,,,164,239.0
Nesthy Petecio,Boxing,F,Philippines,2,,,,,,33,240.0
Karriss Artingstall,Boxing,F,Great Britain,3,,,,,,285,241.0
Kellie Harrington,Boxing,F,Ireland,1,,,,,,565,242.0
Mira Potkonen,Boxing,F,Finland,3,,,,,,163,243.0
Busenaz Surmeneli,Boxing,F,Turkey,1,,,,,,197,244.0
Lovlina Borhohain,Boxing,F,India,3,,,,,,142,245.0
Oshae Jones,Boxing,F,USA,3,,,,,,296,246.0
Lauren Price,Boxing,F,Great Britain,1,,,,,,554,247.0
Nouchka Fontijn,Boxing,F,Netherlands,3,,,,,,36,248.0
Benjamin Savsek,Canoeing,M,Slovenia,1,,,,,,62,249.0
Lukas Rohan,Canoeing,M,Czech Republic,2,,,,,,230,250.0
Sideris Tasiadis,Canoeing,M,Germany,3,,,,,,76,251.0
Jiri Prskavec,Canoeing,M,Czech Republic,1,,,,,,154,252.0
Hannes Aigner,Canoeing,M,Germany,3,,,,,,9,253.0
Jessica Fox,Canoeing,F,Australia,1,3.0,,,,,648,254.0
Mallory Franklin,Canoeing,F,Great Britain,2,,,,,,227,255.0
Maialen Chourraut,Canoeing,F,Spain,2,,,,,,541,256.0
Isaquias Queiroz,Canoeing,M,Brazil,1,,,,,,17,257.0
Manfredi Rizza,Canoeing,M,Italy,2,,,,,,18,258.0
Liam Heath,Canoeing,M,Great Britain,3,,,,,,239,259.0
Balint Kopasz,Canoeing,M,Hungary,1,,,,,,26,260.0
Fernando Pimenta,Canoeing,M,Portugal,3,,,,,,280,261.0
Max Hoff,Canoeing,M,Germany,2,,,,,,5,262.0
Tom Liebscher,Canoeing,M,Germany,1,,,,,,80,263.0
Saul Craviotto,Canoeing,M,Spain,2,,,,,,393,264.0
Marcus Walz,Canoeing,M,Spain,2,,,,,,120,265.0
Carlos Arevalo,Canoeing,M,Spain,2,,,,,,368,266.0
Rodrigo Germade,Canoeing,M,Spain,2,,,,,,438,267.0
Nevin Harrison,Canoeing,F,USA,1,,,,,,28,268.0
Katie Vincent,Canoeing,F,Canada,3,,,,,,466,269.0
Teresa Portela,Canoeing,F,Spain,2,,,,,,228,270.0
Helena Wisniewska,Canoeing,F,Poland,3,,,,,,135,271.0
Richard Carapaz,Cycling,M,Ecuador,1,,,,,,213,272.0
Wout van Aert,Cycling,M,Belgium,2,,,,,,194,273.0
Tadej Pogacar,Cycling,M,Slovenia,3,,,,,,207,274.0
Primoz Roglic,Cycling,M,Slovenia,1,,,,,,217,275.0
Tom Dumoulin,Cycling,M,Netherlands,2,,,,,,210,276.0
Anna Kiesenhofer,Cycling,F,Austria,1,2.0,,,,,93,277.0
Annemiek van Vleuten,Cycling,F,Netherlands,2,,,,,,64,278.0
Elisa Longo Borghini,Cycling,F,Italy,3,,,,,,860,279.0
Anna van der Breggen,Cycling,F,Netherlands,3,,,,,,176,280.0
Jason Kenny,Cycling,M,Great Britain,1,2.0,,,,,267,281.0
Azizulhasni Awang,Cycling,M,Malaysia,2,,,,,,384,282.0
Harrie Lavreysen,Cycling,M,Netherlands,3,1.0,1.0,,,,167,283.0
Lasse Norman Hansen,Cycling,M,Denmark,1,2.0,,,,,323,284.0
Michael Morkov,Cycling,M,Denmark,1,,,,,,144,285.0
Ethan Hayter,Cycling,M,Great Britain,2,,,,,,445,286.0
Matt Walls,Cycling,M,Great Britain,2,1.0,,,,,343,287.0
Donavan Grondin,Cycling,M,France,3,,,,,,378,288.0
Benjamin Thomas,Cycling,M,France,3,,,,,,600,289.0
Campbell Stewart,Cycling,M,New Zealand,2,,,,,,113,290.0
Elia Viviani,Cycling,M,Italy,3,,,,,,599,291.0
Filippo Ganna,Cycling,M,Italy,1,,,,,,87,292.0
Jonathan Milan,Cycling,M,Italy,1,,,,,,47,293.0
Niklas Larsen,Cycling,M,Denmark,2,,,,,,110,294.0
Leigh Howard,Cycling,M,Australia,3,,,,,,305,295.0
Sam Welsford,Cycling,M,Australia,3,,,,,,283,296.0
Alexander Porter,Cycling,M,Australia,3,,,,,,155,297.0
Jeffrey Hoogland,Cycling,M,Netherlands,2,1.0,,,,,481,298.0
Jack Carlin,Cycling,M,Great Britain,3,2.0,,,,,255,299.0
Roy van den Berg,Cycling,M,Netherlands,1,,,,,,427,300.0
Matthijs Buchli,Cycling,M,Netherlands,1,,,,,,93,301.0
Ryan Owens,Cycling,M,Great Britain,2,,,,,,433,302.0
Florian Grengbo,Cycling,M,France,3,,,,,,93,303.0
Rayan Helal,Cycling,M,France,3,,,,,,212,304.0
Shanne Braspennincx,Cycling,F,Netherlands,1,,,,,,274,305.0
Katie Archibald,Cycling,F,Great Britain,1,2.0,,,,,216,306.0
Laura Kenny,Cycling,F,Great Britain,1,2.0,,,,,592,307.0
Amalie Dideriksen,Cycling,F,Denmark,2,,,,,,507,308.0
Julie Leth,Cycling,F,Denmark,2,,,,,,288,309.0
Jennifer Valente,Cycling,F,USA,1,3.0,,,,,220,310.0
Yumi Kajihara,Cycling,F,Japan,2,,,,,,77,311.0
Kirsten Wild,Cycling,F,Netherlands,3,,,,,,621,312.0
Lisa Brennauer,Cycling,F,Germany,1,,,,,,277,313.0
Neah Evans,Cycling,F,Great Britain,2,,,,,,203,314.0
Josie Knight,Cycling,F,Great Britain,2,,,,,,397,315.0
Elinor Barker,Cycling,F,Great Britain,2,,,,,,823,316.0
Chole Dygert,Cycling,F,USA,3,,,,,,324,317.0
Megan Jastrab,Cycling,F,USA,3,,,,,,94,318.0
Kelsey Mitchell,Cycling,F,Canada,1,,,,,,136,319.0
Tom Pidcock,Cycling,M,Great Britain,1,,,,,,221,320.0
David Valero,Cycling,M,Spain,3,,,,,,14,321.0
Jolanda Neff,Cycling,F,Switzerland,1,,,,,,17,322.0
Sina Frei,Cycling,F,Switzerland,2,,,,,,27,323.0
Linda Indergand,Cycling,F,Switzerland,3,,,,,,228,324.0
Niek Kimmann,Cycling,M,Netherlands,1,,,,,,243,325.0
Kye Whyte,Cycling,M,Great Britain,2,,,,,,108,326.0
Carlos Ramirez,Cycling,M,Colombia,3,,,,,,207,327.0
Daniel Dhers,Cycling,M,Venezuela,2,,,,,,245,328.0
Declan Brooks,Cycling,M,Great Britain,3,,,,,,18,329.0
Beth Shriever,Cycling,F,Great Britain,1,,,,,,318,330.0
Mariana Pajon,Cycling,F,Colombia,2,,,,,,129,331.0
Charlotte Worthington,Cycling,F,Great Britain,1,,,,,,105,332.0
Nikita Ducarroz,Cycling,F,Switzerland,3,,,,,,185,333.0
Jack Laugher,Diving,M,Great Britain,3,,,,,,1067,334.0
Tom Daley,Diving,M,Great Britain,3,1.0,,,,,1667,335.0
Andrew Capobianco,Diving,M,Great Britain,2,,,,,,329,336.0
Matty Lee,Diving,M,Great Britain,1,,,,,,1228,337.0
Krysta Palmer,Diving,F,USA,3,,,,,,300,338.0
Melissa Wu,Diving,F,Australia,3,,,,,,656,339.0
Jennifer Abel,Diving,F,Canada,2,,,,,,91,340.0
Tina Punzel,Diving,F,Germany,3,,,,,,174,341.0
Jessica Parratto,Diving,F,USA,2,,,,,,306,342.0
Gabriela Agundez,Diving,F,Mexico,3,,,,,,286,343.0
Alejandra Orozco,Diving,F,Mexico,3,,,,,,677,344.0
Charlotte Dujardin,Equestrian,F,Great Britain,3,3.0,,,,,150,345.0
Adrienne Lyle,Equestrian,F,USA,2,,,,,,130,346.0
Carl Hester,Equestrian,M,Great Britain,3,,,,,,180,347.0
Julia Krajewski,Equestrian,F,Germany,1,,,,,,296,348.0
Tom McEwen,Equestrian,M,Great Britain,2,1.0,,,,,254,349.0
Andrew Hoy,Equestrian,M,Australia,3,2.0,,,,,331,350.0
Laura Collett,Equestrian,F,Great Britain,1,,,,,,1547,351.0
Oliver Townend,Equestrian,M,Great Britain,1,,,,,,93,352.0
Shane Rose,Equestrian,M,Australia,2,,,,,,125,353.0
Karim Laghouag,Equestrian,M,France,3,,,,,,104,354.0
Ben Maher,Equestrian,M,Great Britain,1,,,,,,242,355.0
Peder Fredricson,Equestrian,M,Sweden,2,1.0,,,,,27,356.0
Jessica Springsteen,Equestrian,F,USA,2,,,,,,37,357.0
Pieter Devos,Equestrian,M,Belgium,3,,,,,,371,358.0
Jerome Guery,Equestrian,M,Belgium,3,,,,,,47,359.0
Gregory Wathelet,Equestrian,M,Belgium,3,,,,,,32,360.0
Romain Cannone,Fencing,M,France,1,,,,,,1044,361.0
Kazuyasu Minobe,Fencing,M,Japan,1,,,,,,50,362.0
Masaru Yamada,Fencing,M,Japan,1,,,,,,122,363.0
Satoru Uyama,Fencing,M,Japan,1,,,,,,617,364.0
Daniele Garozzo,Fencing,M,Italy,2,,,,,,259,365.0
Enzo Lefort,Fencing,M,France,1,,,,,,156,366.0
Julien Mertine,Fencing,M,France,1,,,,,,13,367.0
Maxime Pauty,Fencing,M,France,1,,,,,,211,368.0
Nick Itkin,Fencing,M,USA,3,,,,,,66,369.0
Alexander Massialas,Fencing,M,USA,3,,,,,,124,370.0
Gerek Meinhardt,Fencing,M,USA,3,,,,,,176,371.0
Luigi Samele,Fencing,M,Italy,2,2.0,,,,,201,372.0
Luca Curatoli,Fencing,M,Italy,2,,,,,,163,373.0
Enrico Berre,Fencing,M,Italy,2,,,,,,149,374.0
Aldo Montano,Fencing,M,Italy,2,,,,,,779,375.0
Katrina Lehis,Fencing,F,Estonia,3,1.0,,,,,99,376.0
Rossella Fiamingo,Fencing,F,Italy,3,,,,,,386,377.0
Mara Navarria,Fencing,F,Italy,3,,,,,,829,378.0
Lee Kiefer,Fencing,F,USA,1,,,,,,36,379.0
Anita Blaze,Fencing,F,France,2,,,,,,304,380.0
Astrid Guyart,Fencing,F,France,2,,,,,,620,381.0
Ysaora Thibus,Fencing,F,France,2,,,,,,476,382.0
Martina Batini,Fencing,F,Italy,3,,,,,,172,383.0
Erica Cipressa,Fencing,F,Italy,3,,,,,,65,384.0
Arianna Errigo,Fencing,F,Italy,3,,,,,,83,385.0
Alice Volpi,Fencing,F,Italy,3,,,,,,29,386.0
Manon Brunet,Fencing,F,France,3,2.0,,,,,112,387.0
Sara Balzer,Fencing,F,France,2,,,,,,76,388.0
Cecilia Berder,Fencing,F,France,2,,,,,,41,389.0
Charlotte Lembach,Fencing,F,France,2,,,,,,517,390.0
Gauthier Boccard,Field Hockey,M,Belgium,1,,,,,,230,391.0
Tom Boon,Field Hockey,M,Belgium,1,,,,,,278,392.0
Thomas Briels,Field Hockey,M,Belgium,1,,,,,,626,393.0
Cedric Charlier,Field Hockey,M,Belgium,1,,,,,,201,394.0
Felix Denayer,Field Hockey,M,Belgium,1,,,,,,397,395.0
Nicolas de Kerpel,Field Hockey,M,Belgium,1,,,,,,76,396.0
John John Dohmen,Field Hockey,M,Belgium,1,,,,,,286,397.0
Simon Gougnard,Field Hockey,M,Belgium,1,,,,,,269,398.0
Alexander Hendrickx,Field Hockey,M,Belgium,1,,,,,,212,399.0
Vincent Vanasch,Field Hockey,M,Belgium,1,,,,,,494,400.0
Florent Van Aubel,Field Hockey,M,Belgium,1,,,,,,475,401.0
Arthur Van Doren,Field Hockey,M,Belgium,1,,,,,,202,402.0
Daniel Beale,Field Hockey,M,Australia,2,,,,,,124,403.0
Joshua Beltz,Field Hockey,M,Australia,2,,,,,,236,404.0
Andrew Charter,Field Hockey,M,Australia,2,,,,,,171,405.0
Blake Govers,Field Hockey,M,Australia,2,,,,,,47,406.0
Jeremy Hayward,Field Hockey,M,Australia,2,,,,,,299,407.0
Trent Mitton,Field Hockey,M,Australia,2,,,,,,448,408.0
Eddie Ockenden,Field Hockey,M,Australia,2,,,,,,328,409.0
Flynn Ogilvie,Field Hockey,M,Australia,2,,,,,,154,410.0
Rupinder Pal Singh,Field Hockey,M,India,3,,,,,,113,411.0
Surender Kumar,Field Hockey,M,India,3,,,,,,9,412.0
Manpreet Singh,Field Hockey,M,India,3,,,,,,65,413.0
Hardik Singh,Field Hockey,M,India,3,,,,,,23,414.0
Gurjant Singh,Field Hockey,M,India,3,,,,,,14,415.0
Harmanpreet Singh,Field Hockey,M,India,3,,,,,,5,416.0
Lalit Upadhyay,Field Hockey,M,India,3,,,,,,102,417.0
P. R. Sreejesh,Field Hockey,M,India,3,,,,,,215,418.0
Varun Kumar,Field Hockey,M,India,3,,,,,,34,419.0
Amit Rohidas,Field Hockey,M,India,3,,,,,,57,420.0
Vivek Prasad,Field Hockey,M,India,3,,,,,,39,421.0
Felice Alberts,Field Hockey,F,Netherlands,1,,,,,,26,422.0
Eva de Goede,Field Hockey,F,Netherlands,1,,,,,,221,423.0
Xan de Waard,Field Hockey,F,Netherlands,1,,,,,,118,424.0
Marloes Keetels,Field Hockey,F,Netherlands,1,,,,,,61,425.0
Josine Koning,Field Hockey,F,Netherlands,1,,,,,,107,426.0
Laura Nunnink,Field Hockey,F,Netherlands,1,,,,,,102,427.0
Malou Pheninckx,Field Hockey,F,Netherlands,1,,,,,,255,428.0
Lauren Stam,Field Hockey,F,Netherlands,1,,,,,,96,429.0
Margot van Geffen,Field Hockey,F,Netherlands,1,,,,,,209,430.0
Caia van Maasakker,Field Hockey,F,Netherlands,1,,,,,,152,431.0
Maria Verschoor,Field Hockey,F,Netherlands,1,,,,,,201,432.0
Lidewij Welten,Field Hockey,F,Netherlands,1,,,,,,223,433.0
Noel Barrionuevo,Field Hockey,F,Argentina,2,,,,,,25,434.0
Sofia Maccari,Field Hockey,F,Argentina,2,,,,,,671,435.0
Delfina Merino,Field Hockey,F,Argentina,2,,,,,,393,436.0
Belen Succi,Field Hockey,F,Argentina,2,,,,,,116,437.0
Giselle Ansley,Field Hockey,F,Great Britain,3,,,,,,258,438.0
Grace Balsdon,Field Hockey,F,Great Britain,3,,,,,,251,439.0
Amy Costello,Field Hockey,F,Great Britain,3,,,,,,367,440.0
Fiona Crackles,Field Hockey,F,Great Britain,3,,,,,,341,441.0
Maddie Hinch,Field Hockey,F,Great Britain,3,,,,,,595,442.0
Sarah Jones,Field Hockey,F,Great Britain,3,,,,,,696,443.0
Hannah Martin,Field Hockey,F,Great Britain,3,,,,,,311,444.0
Shona McCallin,Field Hockey,F,Great Britain,3,,,,,,538,445.0
Lily Owsley,Field Hockey,F,Great Britain,3,,,,,,699,446.0
Hollie Webb,Field Hockey,F,Great Britain,3,,,,,,967,447.0
Ellie Rayer,Field Hockey,F,Great Britain,3,,,,,,222,448.0
Sarah Robertson,Field Hockey,F,Great Britain,3,,,,,,534,449.0
Anna Toman,Field Hockey,F,Great Britain,3,,,,,,194,450.0
Susannah Townsend,Field Hockey,F,Great Britain,3,,,,,,2009,451.0
Laura Unsworth,Field Hockey,F,Great Britain,3,,,,,,331,452.0
Leah Wilkinson,Field Hockey,F,Great Britain,3,,,,,,111,453.0
Santos,Football,M,Brazil,1,,,,,,477,454.0
Gabriel Menino,Football,M,Brazil,1,,,,,,60,455.0
Diego Carlos,Football,M,Brazil,1,,,,,,29,456.0
Ricardo Graça,Football,M,Brazil,1,,,,,,237,457.0
Douglas Luiz,Football,M,Brazil,1,,,,,,109,458.0
Guilherme Arana,Football,M,Brazil,1,,,,,,15,459.0
Bruno Guimaraes,Football,M,Brazil,1,,,,,,199,460.0
Matheus Cunha,Football,M,Brazil,1,,,,,,44,461.0
Richarlison,Football,M,Brazil,1,,,,,,285,462.0
Dani Alves,Football,M,Brazil,1,,,,,,444,463.0
Bruno Fuchs,Football,M,Brazil,1,,,,,,171,464.0
Abner Vinicius,Football,M,Brazil,1,,,,,,21,465.0
Matheus Henrique,Football,M,Brazil,1,,,,,,83,466.0
Reinier Jesus,Football,M,Brazil,1,,,,,,324,467.0
Gabriel Martinelli,Football,M,Brazil,1,,,,,,44,468.0
Oscar Mingueza,Football,M,Spain,2,,,,,,108,469.0
Marc Cucurella,Football,M,Spain,2,,,,,,140,470.0
Pau Torres,Football,M,Spain,2,,,,,,316,471.0
Jesus Vallejo,Football,M,Spain,2,,,,,,319,472.0
Martin Zubimendi,Football,M,Spain,2,,,,,,210,473.0
Marco Asensio,Football,M,Spain,2,,,,,,84,474.0
Mikel Merino,Football,M,Spain,2,,,,,,163,475.0
Rafa Mir,Football,M,Spain,2,,,,,,208,476.0
Dani Ceballos,Football,M,Spain,2,,,,,,265,477.0
Mikel Oyarzabal,Football,M,Spain,2,,,,,,462,478.0
Eric Garcia,Football,M,Spain,2,,,,,,479,479.0
Alvaro Fernandez,Football,M,Spain,2,,,,,,130,480.0
Carlos Soler,Football,M,Spain,2,,,,,,520,481.0
Jon Moncayola,Football,M,Spain,2,,,,,,154,482.0
Pedri Gonzalez,Football,M,Spain,2,,,,,,17,483.0
Javier Puado,Football,M,Spain,2,,,,,,5,484.0
Dani Olmo,Football,M,Spain,2,,,,,,74,485.0
Juan Miranda,Football,M,Spain,2,,,,,,254,486.0
Bryan Gil,Football,M,Spain,2,,,,,,81,487.0
Ivan Villar,Football,M,Spain,2,,,,,,183,488.0
Cesar Montes,Football,M,Mexico,3,,,,,,426,489.0
Johan Vasquez,Football,M,Mexico,3,,,,,,183,490.0
Luis Romo,Football,M,Mexico,3,,,,,,108,491.0
Carlos Rodriguez,Football,M,Mexico,3,,,,,,119,492.0
Henry Martin,Football,M,Mexico,3,,,,,,546,493.0
Diego Lainez,Football,M,Mexico,3,,,,,,199,494.0
Alexis Vega,Football,M,Mexico,3,,,,,,314,495.0
Adrian Mora,Football,M,Mexico,3,,,,,,66,496.0
Guillermo Ochoa,Football,M,Mexico,3,,,,,,856,497.0
Erick Aguirre,Football,M,Mexico,3,,,,,,44,498.0
Uriel Antuna,Football,M,Mexico,3,,,,,,185,499.0
Sebastian Cordova,Football,M,Mexico,3,,,,,,188,500.0
Ricardo Angulo,Football,M,Mexico,3,,,,,,69,501.0
Sebastian Jurado,Football,M,Mexico,3,,,,,,424,502.0
Stephanie Labbe,Football,F,Canada,1,,,,,,440,503.0
Allysha Chapman,Football,F,Canada,1,,,,,,172,504.0
Kadeisha Buchanan,Football,F,Canada,1,,,,,,549,505.0
Shelina Zadorsky,Football,F,Canada,1,,,,,,662,506.0
Deanne Rose,Football,F,Canada,1,,,,,,196,507.0
Julia Grosso,Football,F,Canada,1,,,,,,83,508.0
Jayde Riviere,Football,F,Canada,1,,,,,,200,509.0
Ashley Lawrence,Football,F,Canada,1,,,,,,473,510.0
Desiree Scott,Football,F,Canada,1,,,,,,1030,511.0
Christine Sinclair,Football,F,Canada,1,,,,,,275,512.0
Vanessa Gilles,Football,F,Canada,1,,,,,,382,513.0
Nichelle Prince,Football,F,Canada,1,,,,,,460,514.0
Janine Beckie,Football,F,Canada,1,,,,,,507,515.0
Kailen Sheridan,Football,F,Canada,1,,,,,,380,516.0
Jordyn Huitema,Football,F,Canada,1,,,,,,82,517.0
Sophie Schmidt,Football,F,Canada,1,,,,,,218,518.0
Gabrielle Carle,Football,F,Canada,1,,,,,,61,519.0
Erin McLeod,Football,F,Canada,1,,,,,,374,520.0
Hedvig Lindahl,Football,F,Sweden,2,,,,,,1448,521.0
Jonna Andersson,Football,F,Sweden,2,,,,,,119,522.0
Hanna Glass,Football,F,Sweden,2,,,,,,164,523.0
Magdalena Eriksson,Football,F,Sweden,2,,,,,,283,524.0
Lina Hurtig,Football,F,Sweden,2,,,,,,20,525.0
Kosovare Asllani,Football,F,Sweden,2,,,,,,239,526.0
Sofia Jakobsson,Football,F,Sweden,2,,,,,,209,527.0
Stina Blackstenius,Football,F,Sweden,2,,,,,,188,528.0
Amanda Ilestedt,Football,F,Sweden,2,,,,,,169,529.0
Olivia Schough,Football,F,Sweden,2,,,,,,217,530.0
Caroline Seger,Football,F,Sweden,2,,,,,,185,531.0
Fridolina Rolfo,Football,F,Sweden,2,,,,,,122,532.0
Julia Roddar,Football,F,Sweden,2,,,,,,69,533.0
Rebecka Blomqvist,Football,F,Sweden,2,,,,,,53,534.0
Zecira Musovic,Football,F,Sweden,2,,,,,,0,535.0
Alyssa Naeher,Football,F,USA,3,,,,,,102,536.0
Crystal Dunn,Football,F,USA,3,,,,,,396,537.0
Sam Mewis,Football,F,USA,3,,,,,,413,538.0
Becky Sauerbrunn,Football,F,USA,3,,,,,,565,539.0
Kelley O’Hara,Football,F,USA,3,,,,,,128,540.0
Kristie Mewis,Football,F,USA,3,,,,,,42,541.0
Tobin Heath,Football,F,USA,3,,,,,,133,542.0
Julie Ertz,Football,F,USA,3,,,,,,190,543.0
Lindsey Horan,Football,F,USA,3,,,,,,185,544.0
Carli Lloyd,Football,F,USA,3,,,,,,755,545.0
Tierna Davidson,Football,F,USA,3,,,,,,173,546.0
Alex Morgan,Football,F,USA,3,,,,,,523,547.0
Emily Sonnett,Football,F,USA,3,,,,,,502,548.0
Megan Rapinoe,Football,F,USA,3,,,,,,629,549.0
Rose Lavelle,Football,F,USA,3,,,,,,549,550.0
Abby Dahlkemper,Football,F,USA,3,,,,,,459,551.0
Adrianna Franch,Football,F,USA,3,,,,,,225,552.0
Catarina Macario,Football,F,USA,3,,,,,,196,553.0
Casey Krueger,Football,F,USA,3,,,,,,385,554.0
Lynn Williams,Football,F,USA,3,,,,,,139,555.0
Jane Campbell,Football,F,USA,3,,,,,,172,556.0
Xander Schauffele,Golf,M,USA,1,,,,,,184,557.0
Pan Cheung Tsung,Golf,M,Taiwan,3,,,,,,327,558.0
Nelly Korda,Golf,F,USA,1,,,,,,169,559.0
Artur Dalaloyan,Gymnastics,M,ROC,1,,,,,,0,560.0
Daiki Hashimoto,Gymnastics,M,Japan,2,1.0,1.0,,,,225,561.0
Kazuma Kaya,Gymnastics,M,Japan,2,3.0,,,,,212,562.0
Takeru Kitazono,Gymnastics,M,Japan,2,,,,,,58,563.0
Wataru Tanigawa,Gymnastics,M,Japan,2,,,,,,282,564.0
Rayderley Zapata,Gymnastics,M,Spain,2,,,,,,173,565.0
Max Whitlock,Gymnastics,M,Great Britain,1,,,,,,715,566.0
Eleftherios Petrounias,Gymnastics,M,Greece,3,,,,,,287,567.0
Lukas Dauser,Gymnastics,M,Germany,2,,,,,,16,568.0
Ferhat Arican,Gymnastics,M,Turkey,3,,,,,,70,569.0
Angelina Melnikova,Gymnastics,F,ROC,1,3.0,3.0,,,,151,570.0
Simone Biles,Gymnastics,F,USA,2,3.0,,,,,328,571.0
Jordan Chiles,Gymnastics,F,USA,2,,,,,,130,572.0
Sunisa Lee,Gymnastics,F,USA,2,1.0,3.0,,,,202,573.0
Grace McCallum,Gymnastics,F,USA,2,,,,,,118,574.0
Jennifer Gadirova,Gymnastics,F,Great Britain,3,,,,,,114,575.0
Jessica Gadirova,Gymnastics,F,Great Britain,3,,,,,,140,576.0
Alice Kinsella,Gymnastics,F,Great Britain,3,,,,,,1,577.0
Amelie Morgan,Gymnastics,F,Great Britain,3,,,,,,108,578.0
MyKayla Skinner,Gymnastics,F,USA,2,,,,,,379,579.0
Jade Carey,Gymnastics,F,USA,1,,,,,,444,580.0
Vanessa Ferrari,Gymnastics,F,Italy,2,,,,,,189,581.0
Simona Dyankova,Gymnastics,F,Bulgaria,1,,,,,,33,582.0
Anastasia Tatareva,Gymnastics,F,ROC,2,,,,,,40,583.0
Martina Centofanti,Gymnastics,F,Italy,3,,,,,,40,584.0
Alessia Maurelli,Gymnastics,F,Italy,3,,,,,,184,585.0
Daniela Mogurean,Gymnastics,F,Italy,3,,,,,,95,586.0
Linoy Ashram,Gymnastics,F,Israel,1,,,,,,778,587.0
Bryony Page,Gymnastics,F,Great Britain,3,,,,,,519,588.0
Luc Abalo,Handball,M,France,1,,,,,,618,589.0
Hugo Descat,Handball,M,France,1,,,,,,59,590.0
Ludovic Fabregas,Handball,M,France,1,,,,,,106,591.0
Vincent Gerard,Handball,M,France,1,,,,,,410,592.0
Luka Karabatic,Handball,M,France,1,,,,,,456,593.0
Nikola Karabatic,Handball,M,France,1,,,,,,208,594.0
Dika Mem,Handball,M,France,1,,,,,,339,595.0
Timothey N’Guessan,Handball,M,France,1,,,,,,91,596.0
Valentin Porte,Handball,M,France,1,,,,,,265,597.0
Nedim Remili,Handball,M,France,1,,,,,,100,598.0
Lasse Andersson,Handball,M,Denmark,2,,,,,,81,599.0
Mikkel Hansen,Handball,M,Denmark,2,,,,,,151,600.0
Niklas Landin,Handball,M,Denmark,2,,,,,,138,601.0
Magnus Landin,Handball,M,Denmark,2,,,,,,66,602.0
Henrik Mollgaard,Handball,M,Denmark,2,,,,,,236,603.0
Kevin Moller,Handball,M,Denmark,2,,,,,,157,604.0
Lasse Svan,Handball,M,Denmark,2,,,,,,145,605.0
Henrik Toft Hansen,Handball,M,Denmark,2,,,,,,137,606.0
Julen Aguinagalde,Handball,M,Spain,3,,,,,,114,607.0
Rodrigo Corrales,Handball,M,Spain,3,,,,,,318,608.0
Alex Dujshbaev,Handball,M,Spain,3,,,,,,179,609.0
Raul Entrerrios,Handball,M,Spain,3,,,,,,293,610.0
Angel Fernandez,Handball,M,Spain,3,,,,,,292,611.0
Adria Figueras,Handball,M,Spain,3,,,,,,609,612.0
Aleix Gomez,Handball,M,Spain,3,,,,,,133,613.0
Gedeon Guardiola,Handball,M,Spain,3,,,,,,642,614.0
Eduardo Gurbindo,Handball,M,Spain,3,,,,,,160,615.0
Jorge Maqueda,Handball,M,Spain,3,,,,,,245,616.0
Viran Morros,Handball,M,Spain,3,,,,,,388,617.0
Gonzalo Perez de Vargas,Handball,M,Spain,3,,,,,,507,618.0
Mighel Sanchez-Migallon,Handball,M,Spain,3,,,,,,421,619.0
Daniel Sarmiento,Handball,M,Spain,3,,,,,,248,620.0
Ferran Sole,Handball,M,Spain,3,,,,,,212,621.0
Blandine Nancette,Handball,F,France,1,,,,,,125,622.0
Allison Pineau,Handball,F,France,1,,,,,,899,623.0
Coralie Lassource,Handball,F,France,1,,,,,,152,624.0
Cleopatre Darleux,Handball,F,France,1,,,,,,469,625.0
Estelle Nze Minko,Handball,F,France,1,,,,,,161,626.0
Alexandra Lacrabere,Handball,F,France,1,,,,,,105,627.0
Anna Vyakhireva,Handball,F,ROC,2,,,,,,59,628.0
Veronica Kristiansen,Handball,F,Norway,3,,,,,,164,629.0
Marit Malm Frafjord,Handball,F,Norway,3,,,,,,129,630.0
Stine Skogrand,Handball,F,Norway,3,,,,,,158,631.0
Katrine Lunde,Handball,F,Norway,3,,,,,,63,632.0
Camilla Herrem,Handball,F,Norway,3,,,,,,354,633.0
Marta Tomac,Handball,F,Norway,3,,,,,,218,634.0
Naohisa Takato,Judo,M,Japan,1,,,,,,653,635.0
Hifumi Abe,Judo,M,Japan,1,2.0,,,,,577,636.0
Daniel Cargnin,Judo,M,Brazil,3,,,,,,48,637.0
Shohei Ono,Judo,M,Japan,1,2.0,,,,,408,638.0
Saeid Mollaei,Judo,M,Mongolia,2,,,,,,1,639.0
Matthias Casse,Judo,M,Belgium,3,,,,,,41,640.0
Lasha Bekauri,Judo,M,Georgia,1,,,,,,0,641.0
Aaron Wolf,Judo,M,Japan,1,2.0,,,,,277,642.0
Teddy Riner,Judo,M,France,3,1.0,,,,,326,643.0
Tamerlan Bashaev,Judo,M,ROC,3,,,,,,33,644.0
Daria Bilodid,Judo,F,Ukraine,3,,,,,,15,645.0
Uta Abe,Judo,F,Japan,1,2.0,,,,,550,646.0
Amandine Buchard,Judo,F,France,2,1.0,,,,,170,647.0
Odette Giuffrida,Judo,F,Italy,3,,,,,,56,648.0
Nora Gjakova,Judo,F,Kosovo,1,,,,,,10,649.0
Sarah Leonie Cysique,Judo,F,France,2,1.0,,,,,3,650.0
Clarisse Agbegnenou,Judo,F,France,1,1.0,,,,,458,651.0
Maria Centracchio,Judo,F,Italy,3,,,,,,110,652.0
Catherine Beauchemin Pinard,Judo,F,Canada,3,,,,,,62,653.0
Madeleine Malonga,Judo,F,France,2,1.0,,,,,272,654.0
Mayra Aguiar,Judo,F,Brazil,3,,,,,,231,655.0
Romane Dicko,Judo,F,France,3,1.0,,,,,61,656.0
Axel Clergert,Judo,M,France,1,,,,,,340,657.0
Alexandre Iddir,Judo,M,France,1,,,,,,24,658.0
Kilian Le Blouch,Judo,M,France,1,,,,,,93,659.0
Margaux Pinot,Judo,F,France,1,,,,,,30,660.0
Hisayoshi Harawasa,Judo,M,Japan,2,,,,,,79,661.0
Soichiro Mukai,Judo,M,Japan,2,,,,,,17,662.0
Sagi Muki,Judo,M,Israel,3,,,,,,41,663.0
Ryo Kiyuna,Karate,M,Japan,1,,,,,,29,664.0
Damian Quintero,Karate,M,Spain,2,,,,,,210,665.0
Ali Sofuoglu,Karate,M,Turkey,3,,,,,,122,666.0
Steven Da Costa,Karate,M,France,1,,,,,,294,667.0
Eray Samdan,Karate,M,Turkey,2,,,,,,134,668.0
Luigi Busa,Karate,M,Italy,1,,,,,,119,669.0
Gabor Harspataki,Karate,M,Hungary,3,,,,,,13,670.0
Tareg Hamedi,Karate,M,Saudi Arabia,2,,,,,,76,671.0
Ryutaro Araga,Karate,M,Japan,3,,,,,,83,672.0
Ugur Aktas,Karate,M,Turkey,3,,,,,,205,673.0
Sandra Sanchez,Karate,F,Spain,1,,,,,,495,674.0
Kiyou Shimizu,Karate,F,Japan,2,,,,,,21,675.0
Grace Lau,Karate,F,Hong Kong,3,,,,,,33,676.0
Anzhelika Terliuga,Karate,F,Ukraine,2,,,,,,15,677.0
Jovana Prekovic,Karate,F,Serbia,1,,,,,,156,678.0
Merve Coban,Karate,F,Turkey,3,,,,,,150,679.0
Feryal Abdelaziz,Karate,F,Egypt,1,,,,,,16,680.0
Irina Zaretska,Karate,F,Azerbaijan,2,,,,,,15,681.0
Joe Choong,Modern Pentatlon,M,Great Britain,1,,,,,,334,682.0
Ahmed ElGendy,Modern Pentatlon,M,Egypt,2,,,,,,4,683.0
Kate French,Modern Pentatlon,F,Great Britain,1,,,,,,252,684.0
Hugo Boucheron,Rowing,M,France,1,,,,,,23,685.0
Matthieu Androdias,Rowing,M,France,1,,,,,,126,686.0
Stef Broenink,Rowing,M,Netherlands,2,,,,,,476,687.0
Tone Wieten,Rowing,M,Netherlands,1,,,,,,87,688.0
Harry Leask,Rowing,M,Great Britain,2,,,,,,191,689.0
Angus Groom,Rowing,M,Great Britain,2,,,,,,277,690.0
Tom Barras,Rowing,M,Great Britain,2,,,,,,36,691.0
Jack Beaumont,Rowing,M,Great Britain,2,,,,,,2008,692.0
Ciprian Tudosa,Rowing,M,Romania,2,,,,,,26,693.0
Matteo Castaldo,Rowing,M,Italy,3,,,,,,187,694.0
Marco di Costanzo,Rowing,M,Italy,3,,,,,,812,695.0
Giuseppe Vicino,Rowing,M,Italy,3,,,,,,162,696.0
Hannes Ocik,Rowing,M,Germany,2,,,,,,124,697.0
Jacob Dawson,Rowing,M,Great Britain,3,,,,,,134,698.0
Moe Sbihi,Rowing,M,Great Britain,3,,,,,,363,699.0
Oliver Wynne-Griffith,Rowing,M,Great Britain,3,,,,,,65,700.0
James Rudkin,Rowing,M,Great Britain,3,,,,,,438,701.0
Henry Fieldman,Rowing,M,Great Britain,3,,,,,,646,702.0
Paul O’Donovan,Rowing,M,Ireland,1,,,,,,115,703.0
Stefano Oppo,Rowing,M,Italy,3,,,,,,249,704.0
Pietro Ruta,Rowing,M,Italy,3,,,,,,317,705.0
Emma Twigg,Rowing,F,New Zealand,1,,,,,,1034,706.0
Lisa Scheenaard,Rowing,F,Netherlands,3,,,,,,201,707.0
Agnieszka Kobus,Rowing,F,Poland,2,,,,,,352,708.0
Marta Wieliczko,Rowing,F,Poland,2,,,,,,96,709.0
Aifric Keogh,Rowing,F,Ireland,3,,,,,,337,710.0
Fiona Murtagh,Rowing,F,Ireland,3,,,,,,223,711.0
Emily Hegarty,Rowing,F,Ireland,3,,,,,,269,712.0
Susanne Grainger,Rowing,F,Canada,1,,,,,,249,713.0
Sydney Payne,Rowing,F,Canada,1,,,,,,46,714.0
Andrea Proske,Rowing,F,Canada,1,,,,,,443,715.0
Lisa Roman,Rowing,F,Canada,1,,,,,,247,716.0
Christine Roper,Rowing,F,Canada,1,,,,,,208,717.0
Kristen Kit,Rowing,F,Canada,1,,,,,,75,718.0
Kelsey Bevan,Rowing,F,New Zealand,2,,,,,,71,719.0
Laura Tarantola,Rowing,F,France,2,,,,,,7,720.0
Claire Bove,Rowing,F,France,2,,,,,,379,721.0
Marieke Keijser,Rowing,F,Netherlands,3,,,,,,61,722.0
Ilse Paulis,Rowing,F,Netherlands,3,,,,,,238,723.0
Meli Derenalagi,Rugby Sevens,M,Fiji,1,,,,,,191,724.0
Sireli Maqala,Rugby Sevens,M,Fiji,1,,,,,,33,725.0
Semi Radradra,Rugby Sevens,M,Fiji,1,,,,,,66,726.0
Scott Curry,Rugby Sevens,M,New Zealand,2,,,,,,337,727.0
Santiago Alvarez,Rugby Sevens,M,Argentina,3,,,,,,273,728.0
Laurato Bazan,Rugby Sevens,M,Argentina,3,,,,,,213,729.0
Luciano Gonzalez,Rugby Sevens,M,Argentina,3,,,,,,20,730.0
Santiago Mare,Rugby Sevens,M,Argentina,3,,,,,,114,731.0
Matias Osadczuk,Rugby Sevens,M,Argentina,3,,,,,,349,732.0
German Schulz,Rugby Sevens,M,Argentina,3,,,,,,137,733.0
Kelly Brazier,Rugby Sevens,F,New Zealand,1,,,,,,51,734.0
Stacey Fluhler,Rugby Sevens,F,New Zealand,1,,,,,,525,735.0
Sarah Hirini,Rugby Sevens,F,New Zealand,1,,,,,,417,736.0
Shiray Kaka,Rugby Sevens,F,New Zealand,1,,,,,,18,737.0
Tyla Nathan-Wong,Rugby Sevens,F,New Zealand,1,,,,,,426,738.0
Portia Woodman,Rugby Sevens,F,New Zealand,1,,,,,,169,739.0
Anne Cecile Ciofani,Rugby Sevens,F,France,2,,,,,,80,740.0
Caroline Drouin,Rugby Sevens,F,France,2,,,,,,54,741.0
Camille Grassineau,Rugby Sevens,F,France,2,,,,,,289,742.0
Lina Guerin,Rugby Sevens,F,France,2,,,,,,119,743.0
Fanny Horta,Rugby Sevens,F,France,2,,,,,,349,744.0
Shannon Izar,Rugby Sevens,F,France,2,,,,,,352,745.0
Chloe Jacquet,Rugby Sevens,F,France,2,,,,,,97,746.0
Carla Neisen,Rugby Sevens,F,France,2,,,,,,779,747.0
Chloe Pelle,Rugby Sevens,F,France,2,,,,,,121,748.0
Jade Ulutule,Rugby Sevens,F,France,2,,,,,,70,749.0
Kiran Badloe,Sailing,M,Netherlands,1,,,,,,106,750.0
Thomas Goyard,Sailing,M,France,2,,,,,,12,751.0
Giles Scott,Sailing,M,Great Britain,1,,,,,,192,752.0
Joan Cardona,Sailing,M,Spain,3,,,,,,147,753.0
Mathew Belcher,Sailing,M,Australia,1,,,,,,516,754.0
Jordi Xammar,Sailing,M,Spain,3,,,,,,822,755.0
Nicolas Rodriguez,Sailing,M,Spain,3,,,,,,159,756.0
Dylan Fletcher,Sailing,M,Great Britain,1,,,,,,110,757.0
Stuart Bithell,Sailing,M,Great Britain,1,,,,,,114,758.0
Blair Tuke,Sailing,M,New Zealand,2,,,,,,147,759.0
Charline Picon,Sailing,F,France,2,,,,,,812,760.0
Emma Wilson,Sailing,F,Great Britain,3,,,,,,225,761.0
Marit Bouwmeester,Sailing,F,Netherlands,3,,,,,,313,762.0
Hannah Mills,Sailing,F,Great Britain,1,,,,,,407,763.0
Eilidh McIntyre,Sailing,F,Great Britain,1,,,,,,88,764.0
Camille Lecointre,Sailing,F,France,3,,,,,,64,765.0
Aloise Retornaz,Sailing,F,France,3,,,,,,108,766.0
Annemiek Bekkering,Sailing,F,Netherlands,3,,,,,,148,767.0
Annette Duetz,Sailing,F,Netherlands,3,,,,,,64,768.0
Ruggero Tita,Sailing,M,Italy,1,,,,,,281,769.0
Caterina Banti,Sailing,F,Italy,1,,,,,,205,770.0
Jean Quiquampoix,Shooting,M,France,1,,,,,,31,771.0
Milenki Sebic,Shooting,M,Serbia,3,,,,,,58,772.0
Vincent Hancock,Shooting,M,USA,1,,,,,,93,773.0
David Kostelecky,Shooting,M,Czech Republic,2,,,,,,273,774.0
Vitalina Batsarashkina,Shooting,F,ROC,1,1.0,2.0,,,,31,775.0
Antoaneta Kostadinova,Shooting,F,Bulgaria,2,,,,,,3,776.0
Amber English,Shooting,F,USA,1,,,,,,203,777.0
Kayle Browning,Shooting,F,USA,2,,,,,,142,778.0
Alessandra Perilli,Shooting,F,San Marino,3,2.0,,,,,62,779.0
Lucas Kozeniesky,Shooting,M,USA,2,,,,,,59,780.0
Fatima Galvez,Shooting,F,Spain,1,,,,,,127,781.0
Keegan Palmer,Skateboarding,M,Australia,1,,,,,,45,782.0
Cory Juneau,Skateboarding,M,USA,3,,,,,,24,783.0
Sakura Yosozumi,Skateboarding,F,Japan,1,,,,,,13,784.0
Yuto Horgome,Skateboarding,M,Japan,1,,,,,,42,785.0
Kelvin Hoefler,Skateboarding,M,Brazil,2,,,,,,145,786.0
Jagger Eaton,Skateboarding,M,USA,3,,,,,,90,787.0
Rayssa Leal,Skateboarding,F,Brazil,2,,,,,,319,788.0
Alberto Gines,Sport Climbing,M,Spain,1,,,,,,596,789.0
Jakob Schubert,Sport Climbing,M,Austria,3,,,,,,78,790.0
Miho Nonaka,Sport Climbing,F,Japan,2,,,,,,229,791.0
Akiyo Noguchi,Sport Climbing,F,Japan,3,,,,,,398,792.0
Mana Atsumi,Softball,F,Japan,1,,,,,,146,793.0
Yamato Fujita,Softball,F,Japan,1,,,,,,142,794.0
Miu Goto,Softball,F,Japan,1,,,,,,385,795.0
Nodoka Harada,Softball,F,Japan,1,,,,,,92,796.0
Hitomi Kawabata,Softball,F,Japan,1,,,,,,303,797.0
Nayu Kiyohara,Softball,F,Japan,1,,,,,,50,798.0
Saki Yamazaki,Softball,F,Japan,1,,,,,,256,799.0
Eri Yamada,Softball,F,Japan,1,,,,,,268,800.0
Yu Yamamoto,Softball,F,Japan,1,,,,,,85,801.0
Monica Abbott,Softball,F,USA,2,,,,,,833,802.0
Valerie Arioto,Softball,F,USA,2,,,,,,22,803.0
Ally Carda,Softball,F,USA,2,,,,,,771,804.0
Amanda Chidester,Softball,F,USA,2,,,,,,378,805.0
Rachel Garcia,Softball,F,USA,2,,,,,,618,806.0
Haylie McCleney,Softball,F,USA,2,,,,,,1152,807.0
Michelle Moultrie,Softball,F,USA,2,,,,,,143,808.0
Aubree Munto,Softball,F,USA,2,,,,,,402,809.0
Bubba Nickles,Softball,F,USA,2,,,,,,77,810.0
Cat Osterman,Softball,F,USA,2,,,,,,1619,811.0
Delaney Spaulding,Softball,F,USA,2,,,,,,282,812.0
Kelsey Stewart,Softball,F,USA,2,,,,,,1035,813.0
Jenna Caira,Softball,F,Canada,3,,,,,,423,814.0
Emma Entzminger,Softball,F,Canada,3,,,,,,308,815.0
Larissa Franklin,Softball,F,Canada,3,,,,,,130,816.0
Sara Groenewegen,Softball,F,Canada,3,,,,,,475,817.0
Kelsey Harshman,Softball,F,Canada,3,,,,,,329,818.0
Victoria Hayward,Softball,F,Canada,3,,,,,,611,819.0
Danielle Lawrie,Softball,F,Canada,3,,,,,,323,820.0
Janet Leung,Softball,F,Canada,3,,,,,,261,821.0
Joey Lye,Softball,F,Canada,3,,,,,,947,822.0
Erika Polidori,Softball,F,Canada,3,,,,,,208,823.0
Kaleigh Rafter,Softball,F,Canada,3,,,,,,220,824.0
Laure Bay Regula,Softball,F,Canada,3,,,,,,6,825.0
Jennifer Salling,Softball,F,Canada,3,,,,,,267,826.0
Natalie Wideman,Softball,F,Canada,3,,,,,,315,827.0
Italo Ferreira,Surfing,M,Brazil,1,,,,,,79,828.0
Kanoa Igarashi,Surfing,M,Japan,2,,,,,,66,829.0
Owen Wright,Surfing,M,Australia,3,,,,,,137,830.0
Carissa Moore,Surfing,F,USA,1,,,,,,154,831.0
Bianca Buitendag,Surfing,F,South Africa,2,,,,,,151,832.0
Amuro Tsuzuki,Surfing,F,Japan,3,,,,,,31,833.0
Caeleb Dressel,Swimming,M,USA,1,1.0,1.0,1.0,1.0,,9370,834.0
Florent Manaudou,Swimming,M,France,2,,,,,,359,835.0
Bruno Fratus,Swimming,M,Brazil,3,,,,,,33,836.0
Kliment Kolesnikov,Swimming,M,ROC,3,2.0,,,,,17,837.0
Tom Dean,Swimming,M,Great Britain,1,1.0,,,,,365,838.0
Duncan Scott,Swimming,M,Great Britain,2,2.0,1.0,2.0,,,645,839.0
Jack McLoughlin,Swimming,M,Australia,2,,,,,,94,840.0
Robert Finke,Swimming,M,USA,1,1.0,,,,,162,841.0
Gregeorio Paltrinieri,Swimming,M,Italy,2,3.0,,,,,332,842.0
Ryan Murphy,Swimming,M,USA,3,2.0,1.0,,,,561,843.0
Luke Greenbank,Swimming,M,Great Britain,3,2.0,,,,,421,844.0
Adam Peaty,Swimming,M,Great Britain,1,2.0,1.0,,,,689,845.0
Arno Kamminga,Swimming,M,Netherlands,2,2.0,,,,,86,846.0
Nicolo Martinenghi,Swimming,M,Italy,3,3.0,,,,,43,847.0
Noe Ponti,Swimming,M,Switzerland,3,,,,,,67,848.0
Chase Kalisz,Swimming,M,USA,1,,,,,,347,849.0
Jay Litherland,Swimming,M,USA,2,,,,,,160,850.0
Blake Pieroni,Swimming,M,USA,1,1.0,,,,,802,851.0
Bowe Becker,Swimming,M,USA,1,,,,,,134,852.0
Zach Apple,Swimming,M,USA,1,1.0,,,,,406,853.0
Lorenzo Zazzeri,Swimming,M,Italy,2,,,,,,18,854.0
Zac Incerti,Swimming,M,Australia,3,3.0,,,,,56,855.0
James Guy,Swimming,M,Great Britain,1,2.0,1.0,,,,528,856.0
Matthew Richards,Swimming,M,Great Britain,1,,,,,,93,857.0
Calum Jarvis,Swimming,M,Great Britain,1,,,,,,406,858.0
Mack Horton,Swimming,M,Australia,3,,,,,,326,859.0
Elijah Winnington,Swimming,M,Australia,3,,,,,,30,860.0
Michael Andrew,Swimming,M,USA,1,,,,,,20,861.0
Hunter Armstrong,Swimming,M,USA,1,,,,,,43,862.0
Tom Shields,Swimming,M,USA,1,,,,,,268,863.0
James Wilby,Swimming,M,Great Britain,2,,,,,,301,864.0
Emma McKeon,Swimming,F,Australia,1,1.0,3.0,1.0,1.0,3.0,133,865.0
Pernille Blume,Swimming,F,Denmark,3,,,,,,133,866.0
Penny Oleksiak,Swimming,F,Canada,3,2.0,3.0,,,,58,867.0
Katie Ledecky,Swimming,F,USA,3,1.0,1.0,,,,678,868.0
Erica Sullivan,Swimming,F,USA,2,,,,,,466,869.0
Kaylee McKeown,Swimming,F,Australia,1,1.0,1.0,3.0,,,127,870.0
Kylie Masse,Swimming,F,Canada,2,2.0,3.0,,,,179,871.0
Emily Seebohm,Swimming,F,Australia,3,1.0,,,,,340,872.0
Lydia Jacoby,Swimming,F,USA,1,2.0,,,,,13,873.0
Tatjana Schoenmaker,Swimming,F,South Africa,2,1.0,,,,,135,874.0
Lilly King,Swimming,F,USA,3,2.0,2.0,,,,335,875.0
Annie Lazor,Swimming,F,USA,3,,,,,,449,876.0
Maggie Mac Neil,Swimming,F,Canada,1,2.0,3.0,,,,96,877.0
Zhang Yufei,Swimming,F,China,2,1.0,1.0,2.0,,,10,878.0
Hali Flickinger,Swimming,F,USA,3,3.0,,,,,138,879.0
Yui Ohashi,Swimming,F,Japan,1,1.0,,,,,775,880.0
Emma Weyant,Swimming,F,USA,2,,,,,,128,881.0
Bronte Campbell,Swimming,F,Australia,1,3.0,,,,,133,882.0
Mollie O’Callaghan,Swimming,F,Australia,1,3.0,1.0,,,,107,883.0
Rebecca Smith,Swimming,F,Canada,2,,,,,,126,884.0
Taylor Ruck,Swimming,F,Canada,2,3.0,,,,,111,885.0
Erika Brown,Swimming,F,USA,3,2.0,,,,,112,886.0
Abbey Weitzeil,Swimming,F,USA,3,2.0,,,,,238,887.0
Simone Manuel,Swimming,F,USA,3,,,,,,303,888.0
Olivia Smoliga,Swimming,F,USA,3,,,,,,339,889.0
Catie DeLoof,Swimming,F,USA,3,,,,,,414,890.0
Allison Schmitt,Swimming,F,USA,3,2.0,,,,,171,891.0
Paige Madden,Swimming,F,USA,2,,,,,,144,892.0
Madison Wilson,Swimming,F,Australia,3,,,,,,0,893.0
Leah Neale,Swimming,F,Australia,3,,,,,,325,894.0
Rhyan White,Swimming,F,USA,2,,,,,,395,895.0
Claire Curzan,Swimming,F,USA,2,,,,,,13,896.0
Ana Marcela Cunha,Swimming,F,Brazil,1,,,,,,313,897.0
Sharon van Rouwendaal,Swimming,F,Netherlands,2,,,,,,139,898.0
Kareena Lee,Swimming,F,Australia,3,,,,,,161,899.0
Kathleen Dawson,Swimming,F,Great Britain,1,,,,,,257,900.0
Anna Hopkin,Swimming,F,Great Britain,1,,,,,,376,901.0
Freya Anderson,Swimming,F,Great Britain,1,,,,,,64,902.0
Brianna Throssell,Swimming,F,Australia,3,1.0,3.0,,,,299,903.0
Timo Boll,Table Tennis,M,Germany,2,,,,,,62,904.0
Jun Mizutani,Table Tennis,M,Japan,3,1.0,,,,,601,905.0
Koki Niwa,Table Tennis,M,Japan,3,,,,,,72,906.0
Mima Ito,Table Tennis,F,Japan,3,1.0,,,,,165,907.0
Miu Hirano,Table Tennis,F,Japan,3,,,,,,137,908.0
Bradly Sinden,Taekwondo,M,Great Britain,2,,,,,,42,909.0
Seif Eissa,Taekwondo,M,Egypt,3,,,,,,147,910.0
Adriana Cerezo,Taekwondo,F,Spain,2,,,,,,76,911.0
Anastasija Zolotic,Taekwondo,F,USA,1,,,,,,56,912.0
Hatice Kubra Ilgun,Taekwondo,F,Turkey,3,,,,,,163,913.0
Lauren Williams,Taekwondo,F,Great Britain,2,,,,,,134,914.0
Hedaya Malak,Taekwondo,F,Egypt,3,,,,,,224,915.0
Althea Laurin,Taekwondo,F,France,3,,,,,,46,916.0
Bianca Walkden,Taekwondo,F,Great Britain,3,,,,,,953,917.0
Alexander Zverev,Tennis,M,Germany,1,,,,,,80,918.0
Karen Khachanov,Tennis,M,ROC,2,,,,,,58,919.0
Pablo Carreño,Tennis,M,Spain,3,,,,,,116,920.0
Nikola Mektic,Tennis,M,Croatia,1,,,,,,141,921.0
Marin Cilic,Tennis,M,Croatia,2,,,,,,256,922.0
Marcus Daniell,Tennis,M,New Zealand,3,,,,,,356,923.0
Belinda Bencic,Tennis,F,Switzerland,1,2.0,,,,,278,924.0
Marketa Vondrousova,Tennis,F,Czech Republic,2,,,,,,30,925.0
Elina Svitolina,Tennis,F,Ukraine,3,,,,,,122,926.0
Barbora Krejcikova,Tennis,F,Czech Republic,1,,,,,,224,927.0
Katerina Siniakova,Tennis,F,Czech Republic,1,,,,,,23,928.0
Laura Pigossi,Tennis,F,Brazil,3,,,,,,65,929.0
Luisa Stefani,Tennis,F,Brazil,3,,,,,,159,930.0
Anastasia Pavlyuchenkova,Tennis,F,ROC,1,,,,,,110,931.0
Andrey Rublev,Tennis,M,ROC,1,,,,,,88,932.0
Elena Vesnina,Tennis,F,ROC,2,,,,,,170,933.0
Aslan Karatsev,Tennis,M,ROC,2,,,,,,130,934.0
Ashleigh Barty,Tennis,F,Australia,3,,,,,,94,935.0
John Peers,Tennis,M,Australia,3,,,,,,384,936.0
Kristian Blummenfelt,Triathlon,M,Norway,1,,,,,,508,937.0
Alex Yee,Triathlon,M,Great Britain,2,1.0,,,,,817,938.0
Flora Duffy,Triathlon,F,Bermuda,1,,,,,,596,939.0
Georgia Taylor-Brown,Triathlon,F,Great Britain,2,1.0,,,,,211,940.0
Katie Zaferes,Triathlon,F,USA,3,2.0,,,,,144,941.0
Jess Learmonth,Triathlon,F,Great Britain,1,,,,,,350,942.0
Jonathan Brownlee,Triathlon,M,Great Britain,1,,,,,,423,943.0
Kevin McDowell,Triathlon,M,USA,2,,,,,,225,944.0
Taylor Knibb,Triathlon,F,USA,2,,,,,,92,945.0
Morgan Pearson,Triathlon,M,USA,2,,,,,,374,946.0
Leonie Periault,Triathlon,F,France,3,,,,,,135,947.0
Dorian Coninx,Triathlon,M,France,3,,,,,,42,948.0
Cassandre Beaugrand,Triathlon,F,France,3,,,,,,271,949.0
Vincent Luis,Triathlon,M,France,3,,,,,,158,950.0
Antoine Brizard,Volleyball,M,France,1,,,,,,54,951.0
Barthelemy Chinenyeze,Volleyball,M,France,1,,,,,,333,952.0
Jenia Grebennikov,Volleyball,M,France,1,,,,,,319,953.0
Jean Patry,Volleyball,M,France,1,,,,,,66,954.0
Kevin Tillie,Volleyball,M,France,1,,,,,,201,955.0
Benjamin Toniutti,Volleyball,M,France,1,,,,,,379,956.0
Facundo Conte,Volleyball,M,Argentina,3,,,,,,20,957.0
Luciano De Cecco,Volleyball,M,Argentina,3,,,,,,494,958.0
Agustin Loser,Volleyball,M,Argentina,3,,,,,,102,959.0
Bruno Lima,Volleyball,M,Argentina,3,,,,,,443,960.0
Nicolas Mendez,Volleyball,M,Argentina,3,,,,,,175,961.0
Ezequiel Palacios,Volleyball,M,Argentina,3,,,,,,326,962.0
Cristian Poglajen,Volleyball,M,Argentina,3,,,,,,335,963.0
Martin Ramos,Volleyball,M,Argentina,3,,,,,,323,964.0
Marias Sanchez,Volleyball,M,Argentina,3,,,,,,344,965.0
Foluke Akinradewo,Volleyball,F,USA,1,,,,,,109,966.0
Michelle Bartsch-Hackley,Volleyball,F,USA,1,,,,,,425,967.0
Jordan Larson,Volleyball,F,USA,1,,,,,,372,968.0
Chiaka Ogbogu,Volleyball,F,USA,1,,,,,,837,969.0
Jordyn Poulter,Volleyball,F,USA,1,,,,,,90,970.0
Kelsey Robinson,Volleyball,F,USA,1,,,,,,353,971.0
Justine Wong-Orantes,Volleyball,F,USA,1,,,,,,168,972.0
Camila Brait,Volleyball,F,Brazil,2,,,,,,40,973.0
Tandara Caixeta,Volleyball,F,Brazil,2,,,,,,161,974.0
Macris Carneiro,Volleyball,F,Brazil,2,,,,,,112,975.0
Ana Beatriz Correa,Volleyball,F,Brazil,2,,,,,,40,976.0
Fernanda Garay,Volleyball,F,Brazil,2,,,,,,340,977.0
Carol Gattaz,Volleyball,F,Brazil,2,,,,,,521,978.0
Rosamaria Montibeller,Volleyball,F,Brazil,2,,,,,,14,979.0
Roberta Ratzke,Volleyball,F,Brazil,2,,,,,,10,980.0
Ana Bjelica,Volleyball,F,Serbia,3,,,,,,25,981.0
Milena Rasic,Volleyball,F,Serbia,3,,,,,,224,982.0
Jelena Blagojevic,Volleyball,F,Serbia,3,,,,,,351,983.0
Anders Mol,Volleyball,M,Norway,1,,,,,,35,984.0
Cherif Younousse,Volleyball,M,Qatar,3,,,,,,133,985.0
Alix Klineman,Volleyball,F,USA,1,,,,,,106,986.0
April Ross,Volleyball,F,USA,1,,,,,,636,987.0
Mariafe Artacho del Solar,Volleyball,F,Australia,2,,,,,,225,988.0
Taliqua Clancy,Volleyball,F,Australia,2,,,,,,17,989.0
Joana Heidrich,Volleyball,F,Switzerland,3,,,,,,51,990.0
Anouk Verge-Depre,Volleyball,F,Switzerland,3,,,,,,579,991.0
Dusan Mandic,Waterpolo,M,Serbia,1,,,,,,82,992.0
Alexandros Papanastasiou,Waterpolo,M,Greece,2,,,,,,46,993.0
Aria Fischer,Waterpolo,F,USA,1,,,,,,89,994.0
Makenzie Fischer,Waterpolo,F,USA,1,,,,,,38,995.0
Keleigh Gilchrist,Waterpolo,F,USA,1,,,,,,395,996.0
Ashleigh Johnson,Waterpolo,F,USA,1,,,,,,402,997.0
Maddie Musselman,Waterpolo,F,USA,1,,,,,,258,998.0
Maggie Steffens,Waterpolo,F,USA,1,,,,,,494,999.0
Alys Williams,Waterpolo,F,USA,1,,,,,,95,1000.0
Marta Bach,Waterpolo,F,Spain,2,,,,,,361,1001.0
Anni Espar,Waterpolo,F,Spain,2,,,,,,310,1002.0
Clara Espar,Waterpolo,F,Spain,2,,,,,,343,1003.0
Laura Ester,Waterpolo,F,Spain,2,,,,,,550,1004.0
Judith Forca,Waterpolo,F,Spain,2,,,,,,43,1005.0
Maica Garcia,Waterpolo,F,Spain,2,,,,,,325,1006.0
Paula Leiton,Waterpolo,F,Spain,2,,,,,,145,1007.0
Bea Ortiz,Waterpolo,F,Spain,2,,,,,,699,1008.0
Pilar Peña,Waterpolo,F,Spain,2,,,,,,319,1009.0
Elena Sanchez,Waterpolo,F,Spain,2,,,,,,212,1010.0
Roser Tarrago,Waterpolo,F,Spain,2,,,,,,224,1011.0
Anna Illes,Waterpolo,F,Hungary,3,,,,,,22,1012.0
Natasa Rybanska,Waterpolo,F,Hungary,3,,,,,,107,1013.0
Eko Yuli Irawan,Weightlifting,M,Indonesia,2,,,,,,141,1014.0
Luis Javier Mosquera,Weightlifting,M,Colombia,2,,,,,,87,1015.0
Julio Mayora,Weightlifting,M,Venezuela,2,,,,,,154,1016.0
Zacarias Bonnat,Weightlifting,M,Dominican Republic,2,,,,,,50,1017.0
Keydomar Vallenilla,Weightlifting,M,Venezuela,2,,,,,,15,1018.0
Arturs Plesnieks,Weightlifting,M,Latvia,3,,,,,,133,1019.0
Saikhom Mirabai Chanu,Weightlifting,F,India,2,,,,,,421,1020.0
Hidilyn Diaz,Weightlifting,F,Philippines,1,,,,,,25,1021.0
Kuo Hsing-Chun,Weightlifting,F,Taiwan,1,,,,,,3,1022.0
Mikiko Ando,Weightlifting,F,Japan,3,,,,,,202,1023.0
Maude Charron,Weightlifting,F,Canada,1,,,,,,81,1024.0
Neisi Dajomes,Weightlifting,F,Ecuador,1,,,,,,71,1025.0
Aremi Fuentes,Weightlifting,F,Mexico,3,,,,,,139,1026.0
Emily Campbell,Weightlifting,F,Great Britain,2,,,,,,243,1027.0
Ravi Kumar,Wrestling,M,India,2,,,,,,56,1028.0
Thomas Gilman,Wrestling,M,USA,3,,,,,,269,1029.0
Takuto Otoguro,Wrestling,M,Japan,1,,,,,,144,1030.0
Bajrang Punia,Wrestling,M,India,3,,,,,,181,1031.0
Kyle Dake,Wrestling,M,USA,3,,,,,,492,1032.0
Bekzod Abdurakhmonov,Wrestling,M,Uzbekistan,3,,,,,,132,1033.0
David Taylor,Wrestling,M,USA,1,,,,,,555,1034.0
Hassan Yazdani,Wrestling,M,Iran,2,,,,,,14,1035.0
Myles Amine,Wrestling,M,San Marino,3,,,,,,332,1036.0
Kyle Snyder,Wrestling,M,USA,2,,,,,,11,1037.0
Gable Steveson,Wrestling,M,USA,1,,,,,,116,1038.0
Frank Stabler,Wrestling,M,Germany,3,,,,,,6,1039.0
Shohei Yabiku,Wrestling,M,Japan,3,,,,,,761,1040.0
Musa Evloev,Wrestling,M,ROC,1,,,,,,19,1041.0
Tadeusz Michalik,Wrestling,M,Poland,3,,,,,,565,1042.0
Rıza Kayaalp,Wrestling,M,Turkey,3,,,,,,65,1043.0
Yui Susaki,Wrestling,F,Japan,1,,,,,,261,1044.0
Sarah Hildebrant,Wrestling,F,USA,3,,,,,,756,1045.0
Mayu Mukaida,Wrestling,F,Japan,1,,,,,,165,1046.0
Risako Kawai,Wrestling,F,Japan,1,,,,,,88,1047.0
Helen Maroulis,Wrestling,F,USA,3,,,,,,604,1048.0
Blessing Oborududu,Wrestling,F,Nigeria,2,,,,,,37,1049.0
Adeline Gray,Wrestling,F,USA,2,,,,,,1768,1050.0
Yasemin Adar,Wrestling,F,Turkey,3,,,,,,161,1051.0
